timestamp_ms,emg_quad,ecg_isquio,angulo_relativo
239,0,2006,14.54
239,0,1195,14.54
239,0,1946,14.54
241,0,2096,14.55
241,0,1282,14.56
241,0,1915,14.56
242,0,2153,14.56
242,0,1317,14.56
242,0,1968,14.56
242,0,2290,14.55
243,0,1424,14.55
243,0,1931,14.54
243,0,2323,14.54
244,0,1459,14.54
244,0,1900,14.54
244,0,2419,14.54
245,0,1578,14.54
245,0,1902,14.54
245,0,2489,14.55
245,0,1635,14.55
246,0,1837,14.55
246,0,2426,14.55
457,0,1600,14.55
457,0,1747,14.55
458,0,2450,14.55
458,0,1692,14.54
458,0,1737,14.54
458,0,2498,14.55
459,0,1775,14.55
459,0,1753,14.55
459,0,2539,14.55
459,0,1759,14.56
460,0,1610,14.55
460,0,2443,14.55
460,0,1777,14.55
460,0,1475,14.54
461,0,2324,14.54
461,0,1684,14.54
461,0,1392,14.54
461,0,2269,14.54
462,0,1815,14.54
479,0,1438,14.54
480,0,2251,14.55
683,0,1734,14.55
683,0,1162,14.55
683,0,1935,14.55
684,0,1689,14.54
684,0,1152,14.54
684,0,2030,14.55
684,0,1809,14.55
685,0,1198,14.55
685,0,2038,14.55
685,0,1933,14.55
686,0,1233,14.55
686,0,2042,14.55
686,0,2037,14.55
686,0,1321,14.55
688,0,2103,14.55
688,0,2149,14.55
689,0,1317,14.55
689,0,1970,14.55
690,0,2096,14.56
866,0,1241,14.56
866,0,1883,14.56
866,0,2101,14.55
867,0,1264,14.55
867,0,1840,14.55
867,0,2175,14.55
867,0,1345,14.55
867,0,1811,14.55
868,0,2224,14.55
868,0,1350,14.56
869,0,1722,14.56
869,0,2221,14.55
870,0,1409,14.55
870,0,1724,14.55
870,0,2306,14.54
870,0,1472,14.54
895,0,1637,14.55
895,0,2274,14.55
924,0,1474,14.56
924,0,1587,14.56
926,0,2288,14.56
956,0,1477,14.56
956,0,1578,14.55
987,0,2266,14.55
988,0,1599,14.55
988,0,1581,14.55
1020,0,2279,14.55
1020,0,1631,14.55
1021,0,1510,14.55
1050,0,2261,14.55
1050,0,1677,14.55
1050,0,1435,14.55
1082,0,2227,14.55
1082,0,1722,14.56
1083,0,1371,14.56
1113,0,2141,14.56
1113,0,1742,14.56
1144,0,1251,14.55
1144,0,2143,14.55
1144,0,1693,14.55
1174,0,1296,14.55
1174,0,2142,14.56
1174,0,1883,14.57
1206,0,1291,14.57
1206,0,2187,14.57
1206,0,1946,14.57
1237,0,1282,14.56
1237,0,2159,14.56
1268,0,1946,14.55
1269,0,1237,14.55
1271,0,2078,14.55
1300,0,1941,14.55
1300,0,1225,14.55
1301,0,1958,14.55
1330,0,1989,14.55
1331,0,1204,14.55
1331,0,1936,14.55
1361,0,2121,14.54
1361,0,1340,14.54
1363,0,2021,14.55
1392,0,2224,14.55
1392,0,1486,14.55
1424,0,1962,14.55
1424,0,2266,14.56
1425,0,1483,14.55
1455,0,1861,14.55
1455,0,2342,14.55
1455,0,1600,14.55
1486,0,1904,14.55
1487,0,2416,14.54
1487,0,1535,14.54
1515,0,1760,14.54
1517,0,2400,14.54
1547,0,1535,14.54
1547,0,1713,14.54
1548,0,2416,14.55
1579,0,1600,14.55
1579,0,1766,14.55
1579,0,2559,14.55
1610,0,1808,14.56
1610,0,1814,14.56
1611,0,2590,14.56
1641,0,1754,14.55
1641,0,1693,14.56
1673,0,2442,14.56
1673,0,1686,14.56
1673,0,1535,14.56
1704,0,2307,14.56
1705,0,1698,14.55
1705,0,1501,14.55
1736,0,2254,14.56
1737,0,1713,14.56
1737,0,1402,14.56
1766,0,2149,14.55
1766,0,1714,14.55
1767,0,1317,14.55
1797,0,2121,14.55
1797,0,1803,14.55
1828,0,1263,14.55
1828,0,2106,14.55
1828,0,1872,14.55
1859,0,1255,14.55
1859,0,2067,14.55
1860,0,1889,14.56
1890,0,1221,14.56
1891,0,2016,14.56
1891,0,1950,14.56
1922,0,1247,14.56
1922,0,2023,14.56
1924,0,1978,14.56
1954,0,1254,14.56
1954,0,1997,14.56
1985,0,2039,14.55
1985,0,1258,14.55
1986,0,1965,14.56
2014,0,2067,14.56
2015,0,1302,14.56
2015,0,1968,14.56
2045,0,2160,14.56
2046,0,1386,14.56
2048,0,1895,14.55
2077,0,2185,14.55
2077,0,1400,14.55
2108,0,1763,14.55
2108,0,2166,14.54
2108,0,1359,14.54
2140,0,1654,14.54
2141,0,2183,14.54
2141,0,1357,14.54
2171,0,1580,14.54
2171,0,2199,14.53
2171,0,1354,14.54
2203,0,1495,14.54
2204,0,2219,14.54
2204,0,1449,14.54
2235,0,1505,14.54
2235,0,2274,14.53
2265,0,1500,14.53
2265,0,1499,14.53
2266,0,2320,14.53
2298,0,1565,14.53
2298,0,1456,14.54
2298,0,2291,14.54
2329,0,1535,14.55
2329,0,1370,14.55
2329,0,2260,14.55
2360,0,1589,14.54
2360,0,1327,14.55
2362,0,2167,14.55
2391,0,1648,14.54
2391,0,1279,14.54
2422,0,2134,14.54
2422,0,1759,14.54
2422,0,1404,14.54
2447,0,2192,14.54
2448,0,1879,14.54
2476,0,1390,14.54
2476,0,2224,14.54
2476,0,1968,14.53
2506,0,1329,14.54
2507,0,2123,14.54
2509,0,1982,14.54
2544,0,1274,14.54
2544,0,2026,14.54
2545,0,1967,14.54
2571,0,1264,14.54
2571,0,2017,14.55
2594,0,2096,14.55
2595,0,1360,14.55
2621,0,2070,14.56
2622,0,2192,14.56
2622,0,1428,14.55
2653,0,1945,14.55
2655,0,2195,14.55
2655,0,1406,14.55
2688,0,1872,14.55
2688,0,2259,14.55
2689,0,1453,14.55
2716,0,1902,14.56
2716,0,2341,14.56
2744,0,1497,14.57
2744,0,1855,14.57
2744,0,2371,14.57
2771,0,1511,14.56
2772,0,1867,14.57
2800,0,2400,14.57
2803,0,1535,14.57
2804,0,1815,14.57
2843,0,2430,14.57
2844,0,1665,14.57
2844,0,1734,14.57
2844,0,2422,14.56
2876,0,1643,14.56
2878,0,1689,14.56
2878,0,2458,14.55
2909,0,1717,14.56
2909,0,1637,14.55
2911,0,2438,14.55
2937,0,1771,14.55
2938,0,1660,14.56
2971,0,2517,14.55
2973,0,1949,14.56
2974,0,1759,14.56
3010,0,2525,14.56
3010,0,1984,14.56
3010,0,1611,14.55
3036,0,2423,14.56
3036,0,1885,14.55
3036,0,1520,14.55
3065,0,2279,14.55
3065,0,1921,14.55
3090,0,1488,14.54
3091,0,2262,14.54
3091,0,1970,14.55
3127,0,1346,14.55
3127,0,2223,14.54
3127,0,2023,14.54
3159,0,1328,14.54
3159,0,2113,14.55
3160,0,2001,14.55
3190,0,1238,14.55
3190,0,1981,14.55
3191,0,1939,14.55
3221,0,1106,14.55
3221,0,1869,14.55
3253,0,1913,14.55
3253,0,1167,14.55
3253,0,1911,14.55
3285,0,2064,14.56
3286,0,1254,14.56
3286,0,1862,14.56
3316,0,2151,14.56
3316,0,1346,14.56
3316,0,1859,14.56
3348,0,2167,14.56
3348,0,1329,14.56
3348,0,1774,14.56
3379,0,2206,14.55
3379,0,1389,14.56
3411,0,1686,14.56
3411,0,2185,14.56
3412,0,1374,14.55
3442,0,1569,14.55
3442,0,2198,14.55
3442,0,1408,14.55
3472,0,1510,14.55
3473,0,2173,14.55
3473,0,1365,14.55
3617,0,1444,14.55
3617,0,2230,14.55
3618,0,1486,14.56
3619,0,1504,14.55
3620,0,2297,14.55
3620,0,1646,14.55
3620,0,1535,14.55
3621,0,2326,14.55
3621,0,1662,14.55
3622,0,1446,14.55
3622,0,2240,14.55
3623,0,1662,14.55
3623,0,1361,14.56
3660,0,2213,14.57
3660,0,1779,14.57
3661,0,1436,14.58
3662,0,2301,14.57
3858,0,1930,14.57
3858,0,1502,14.57
3858,0,2322,14.56
3859,0,2000,14.56
3859,0,1489,14.56
3859,0,2306,14.56
3859,0,2057,14.57
3860,0,1418,14.57
3860,0,2129,14.58
3860,0,1938,14.58
3860,0,1265,14.57
3861,0,2059,14.56
3861,0,2018,14.56
3861,0,1328,14.56
3862,0,2016,14.56
3862,0,2032,14.55
3862,0,1249,14.55
3902,0,1938,14.55
3903,0,2126,14.55
3903,0,1275,14.55
3903,0,1857,14.55
3939,0,2159,14.55
3939,0,1385,14.55
3940,0,1935,14.55
3985,0,2250,14.55
3986,0,1399,14.54
3986,0,1859,14.54
3986,0,2272,14.55
3988,0,1431,14.55
4032,0,1791,14.56
4032,0,2273,14.55
4032,0,1473,14.55
4033,0,1774,14.56
4065,0,2278,14.56
4066,0,1515,14.56
4066,0,1755,14.56
4111,0,2304,14.57
4111,0,1511,14.57
4112,0,1671,14.57
4112,0,2322,14.57
4157,0,1520,14.57
4157,0,1521,14.57
4157,0,2309,14.56
4158,0,1535,14.56
4204,0,1474,14.56
4204,0,2271,14.56
4205,0,1618,14.56
4205,0,1482,14.56
4252,0,2204,14.57
4252,0,1659,14.57
4252,0,1465,14.57
4252,0,2318,14.57
4298,0,1745,14.57
4299,0,1415,14.57
4299,0,2305,14.56
4299,0,1830,14.56
4345,0,1409,14.56
4346,0,2220,14.55
4346,0,1833,14.55
4346,0,1323,14.55
4347,0,2178,14.55
4392,0,1902,14.55
4392,0,1323,14.55
4392,0,2101,14.55
4393,0,1917,14.55
4437,0,1233,14.55
4437,0,2034,14.55
4438,0,1974,14.55
4438,0,1247,14.55
4486,0,1971,14.55
4487,0,1970,14.55
4487,0,1225,14.55
4487,0,1949,14.55
4531,0,2075,14.55
4532,0,1270,14.56
4532,0,1883,14.55
4532,0,2157,14.55
4577,0,1365,14.55
4579,0,1851,14.55
4579,0,1893,14.55
4579,0,1387,14.56
4626,0,1997,14.56
4627,0,2285,14.57
4627,0,1444,14.57
4628,0,1861,14.57
4629,0,2299,14.57
4671,0,1406,14.57
4671,0,1739,14.57
4671,0,2263,14.57
4671,0,1470,14.57
4718,0,1663,14.57
4719,0,2286,14.57
4719,0,1455,14.57
4719,0,1629,14.57
4765,0,2263,14.57
4765,0,1535,14.57
4766,0,1613,14.57
4766,0,2405,14.57
4810,0,1587,14.57
4812,0,1535,14.57
4812,0,2378,14.57
4812,0,1633,14.57
4856,0,1451,14.56
4856,0,2305,14.56
4857,0,1689,14.56
4857,0,1475,14.56
4903,0,2259,14.56
4903,0,1728,14.56
4904,0,1401,14.56
4904,0,2295,14.56
4950,0,1763,14.56
4950,0,1363,14.56
4950,0,2209,14.57
4951,0,1811,14.57
4951,0,1296,14.57
4996,0,2162,14.58
4996,0,1903,14.57
4996,0,1375,14.57
4997,0,2170,14.57
5042,0,1951,14.56
5042,0,1328,14.56
5042,0,2180,14.57
5043,0,2035,14.57
5089,0,1315,14.57
5089,0,2032,14.57
5090,0,2112,14.57
5090,0,1238,14.57
5135,0,1873,14.57
5135,0,2207,14.57
5135,0,1318,14.57
5135,0,2000,14.57
5182,0,2220,14.58
5182,0,1312,14.58
5183,0,1931,14.58
5183,0,2305,14.58
5228,0,1241,14.55
5229,0,1584,14.34
5229,0,1699,13.8
5229,0,418,12.99
5275,0,850,12.23
5275,0,2373,12.01
5276,0,890,12.34
5276,0,1084,13.12
5276,0,1606,14.08
5323,0,1059,15.0
5323,0,1421,15.44
5324,0,2314,15.41
5324,0,1408,15.31
5370,0,816,15.23
5370,0,4095,15.12
5370,0,2957,15.04
5370,0,1987,14.99
5416,0,2705,14.98
5416,0,2475,14.98
5417,0,2446,14.99
5417,0,3344,15.09
5463,0,2188,15.18
5463,0,2512,15.13
5464,0,4080,15.03
5464,0,2736,14.87
5509,0,1754,14.99
5509,0,2191,14.99
5509,0,1565,14.93
5510,0,1299,14.91
5555,0,2191,14.91
5555,0,1449,14.88
5556,0,753,14.86
5556,0,1664,14.86
5558,0,1649,14.86
5602,0,1168,14.84
5602,0,2142,14.84
5603,0,1968,14.83
5603,0,1290,14.81
5650,0,2147,14.8
5650,0,2027,14.8
5650,0,1291,14.79
5651,0,2167,14.72
5696,0,2019,14.71
5696,0,1157,14.67
5696,0,1999,14.6
5697,0,2038,14.55
5742,0,1152,14.52
5743,0,1885,14.51
5743,0,2115,14.47
5743,0,1191,14.43
5789,0,1851,14.41
5789,0,2077,14.38
5789,0,1130,14.33
5790,0,1763,14.28
5836,0,2099,14.26
5836,0,1159,14.25
5836,0,1680,14.22
5837,0,2221,14.17
5838,0,1233,14.12
5882,0,1664,14.09
5882,0,2302,14.07
5883,0,1267,14.01
5883,0,1742,13.93
5928,0,2386,13.85
5929,0,1405,13.76
5929,0,1702,13.72
5929,0,2559,13.66
5961,0,1533,13.61
5961,0,1728,13.55
5961,0,2758,13.53
6006,0,1727,13.51
6006,0,1518,13.5
6006,0,2401,13.48
6006,0,1498,13.44
6053,0,1328,13.43
6053,0,2241,13.42
6054,0,1469,13.4
6054,0,1261,13.4
6086,0,2212,13.4
6086,0,1584,13.47
6087,0,1145,13.51
6134,0,2257,13.51
6134,0,1723,13.5
6134,0,1520,13.51
6134,0,2489,13.56
6180,0,4095,13.61
6180,0,2207,13.66
6180,0,2581,13.73
6181,0,2123,13.8
6227,0,1482,13.87
6227,0,2303,13.96
6227,0,2039,14.04
6228,0,1475,14.13
6273,0,2402,14.27
6273,0,2135,14.39
6273,0,1344,14.48
6274,0,2420,14.53
6276,0,2292,14.57
6319,0,1333,14.62
6319,0,2273,14.71
6319,0,2347,14.8
6320,0,1494,14.89
6366,0,2279,15.0
6367,0,2244,15.07
6367,0,1200,15.17
6367,0,2123,15.29
6412,0,2342,15.4
6412,0,1264,15.5
6412,0,1946,15.63
6413,0,2256,15.8
6458,0,1381,15.97
6458,0,2445,16.16
6459,0,3173,16.36
6459,0,1055,16.58
6504,0,1296,16.82
6505,0,2033,17.05
6505,0,878,17.29
6505,0,1424,17.52
6552,0,2000,17.77
6552,0,1084,18.02
6552,0,1569,18.3
6553,0,2394,18.61
6599,0,1328,18.91
6599,0,1570,19.18
6599,0,2401,19.47
6600,0,1419,19.75
6600,0,1467,20.06
6645,0,2357,20.42
6645,0,1422,20.76
6645,0,1251,21.11
6645,0,2361,21.49
6692,0,1406,21.88
6693,0,1357,22.3
6693,0,2314,22.74
6693,0,1517,23.16
6739,0,1162,23.6
6739,0,2266,24.08
6739,0,1728,24.56
6740,0,1195,24.99
6786,0,2217,25.42
6787,0,1763,25.88
6787,0,1219,26.39
6787,0,2340,26.9
6833,0,1843,27.44
6833,0,1122,27.97
6834,0,2221,28.51
6834,0,1990,29.05
6836,0,1095,29.7
6879,0,2179,30.39
6879,0,2074,31.03
6880,0,1152,31.63
6880,0,2114,32.22
6926,0,2141,32.87
6926,0,1191,33.58
6927,0,2103,34.33
6927,0,2194,35.12
6973,0,1168,35.86
6974,0,1963,36.58
6974,0,2333,37.32
6974,0,1213,38.2
7020,0,1892,39.18
7020,0,2343,40.2
7020,0,1319,41.28
7021,0,1883,42.37
7066,0,2375,43.52
7067,0,1457,44.68
7067,0,1631,45.82
7067,0,2367,47.06
7113,0,1200,48.36
7113,0,1572,49.73
7113,0,1856,51.2
7114,0,834,52.77
7160,0,1518,54.4
7160,0,2413,56.17
7161,0,1223,57.87
7161,0,1264,59.69
7162,0,2320,61.5
7207,0,1294,63.29
7207,0,1216,65.23
7207,0,2210,67.25
7208,0,1195,69.26
7254,0,1299,71.15
7254,0,2433,72.96
7255,0,1664,74.79
7255,0,1293,76.73
7301,0,2521,78.81
7301,0,1573,80.88
7301,0,1196,83.14
7302,0,2239,85.29
7335,0,1857,87.37
7335,0,1137,89.39
7336,0,2342,91.35
7379,0,2022,93.34
7379,0,1110,95.32
7380,0,2171,97.3
7380,0,1952,99.21
7425,0,1264,101.05
7425,0,2363,102.92
7426,0,2039,104.74
7426,0,1269,106.49
7472,0,2032,108.22
7472,0,2002,109.98
7473,0,1178,111.67
7473,0,2019,113.33
7520,0,2119,114.99
7520,0,1216,116.58
7520,0,2112,118.1
7521,0,2386,119.62
7521,0,1269,121.1
7566,0,1934,122.54
7567,0,2286,123.99
7567,0,1238,125.42
7568,0,1842,126.78
7612,0,2382,128.11
7612,0,1414,129.39
7613,0,1887,130.64
7613,0,2481,131.86
7658,0,1438,133.05
7658,0,1840,134.2
7659,15,2501,135.31
7659,0,1341,136.37
7704,0,1535,137.38
7704,0,2339,138.32
7705,0,1409,139.23
7705,0,1525,140.09
7736,0,2320,140.88
7736,0,1476,141.63
7736,0,1532,142.3
7782,0,2373,142.9
7784,0,1523,143.41
7784,0,1433,143.92
7784,0,2343,144.35
7829,0,1535,144.67
7830,0,1422,144.98
7830,0,2447,145.14
7831,0,1831,145.23
7891,0,1574,145.14
7891,0,2530,144.91
7892,0,2157,144.54
7892,0,1638,144.22
7892,0,2366,143.63
7893,0,1963,142.96
7937,0,1426,142.0
7937,0,2719,140.89
7937,0,2613,139.72
7938,0,1719,138.49
7987,0,2501,136.96
7988,0,1978,135.32
7989,0,1092,133.59
7990,0,1906,131.88
8046,0,1836,129.96
8046,0,1058,127.9
8047,0,1956,125.64
8047,0,2158,123.24
8047,0,1011,120.74
8048,0,1679,118.29
8092,0,1205,115.75
8092,0,2400,113.17
8093,0,2931,110.56
8094,0,2221,107.98
8139,0,1243,105.36
8139,0,1872,102.74
8139,0,2318,100.13
8140,0,1194,97.54
8185,0,1570,95.01
8186,0,2160,92.51
8186,0,1228,90.04
8186,0,1594,87.62
8233,0,2258,85.24
8233,0,1286,82.9
8233,0,1482,80.61
8233,0,2158,78.43
8280,0,1255,76.28
8280,0,1360,74.16
8280,0,2229,72.12
8280,0,1383,70.16
8326,0,1376,68.24
8327,0,2269,66.37
8327,0,1486,64.53
8327,0,1358,62.74
8329,0,2298,61.01
8373,0,1555,59.36
8374,0,1464,57.75
8374,0,2442,56.22
8374,0,1579,54.73
8420,0,1273,53.27
8420,0,2354,51.86
8420,0,1719,50.47
8421,0,1231,49.13
8467,0,2286,47.84
8467,0,1785,46.61
8468,0,1271,45.42
8468,0,2322,44.26
8514,0,1822,43.13
8514,0,1203,42.04
8514,0,2460,40.98
8514,0,2119,39.96
8561,0,560,38.98
8561,0,2013,38.01
8561,0,2306,37.11
8562,0,1716,36.21
8607,0,2533,35.34
8607,0,1914,34.51
8608,0,1058,33.71
8608,0,2210,32.95
8611,0,2005,32.22
8655,0,955,31.53
8656,0,2194,30.87
8656,0,2420,30.23
8656,0,1168,29.62
8706,0,2297,29.02
8707,0,2479,28.45
8709,0,1210,27.91
8710,0,2136,27.38
8711,0,2559,26.88
8766,0,1280,26.4
8766,0,2032,25.94
8766,0,2517,25.5
8768,0,1270,25.09
8768,0,2032,24.7
8812,0,2640,24.33
8812,0,1285,23.97
8813,0,1303,23.63
8813,0,2309,23.31
8858,0,1587,23.0
8858,0,1855,22.71
8858,0,2636,22.44
8859,0,1296,22.19
8905,0,1659,21.95
8905,0,2641,21.73
8906,0,1600,21.54
8906,0,1563,21.36
8952,0,2356,21.2
8952,0,1479,21.05
8953,0,1414,20.93
8953,0,2421,20.82
8998,0,1509,20.71
9000,0,1377,20.61
9000,0,2607,20.54
9000,0,1867,20.51
9044,0,1078,20.47
9044,0,2204,20.43
9044,0,1500,20.45
9045,0,1072,20.53
9091,0,2241,20.6
9092,0,1886,20.68
9092,0,1296,20.77
9092,0,2356,20.9
9092,0,1903,21.05
9138,0,1179,21.21
9138,0,2066,21.39
9138,0,1938,21.58
9139,0,1104,21.82
9185,0,1998,22.08
9185,0,1901,22.35
9185,0,1100,22.66
9186,0,2039,23.01
9218,0,2000,23.39
9218,0,1183,23.8
9218,0,2032,24.25
9263,0,2119,24.76
9263,0,1133,25.34
9264,0,1937,26.0
9264,0,2176,26.7
9310,0,1098,27.49
9310,0,1819,28.32
9311,0,2215,29.16
9311,0,1259,30.08
9356,0,1811,31.09
9356,0,2339,32.21
9357,0,1298,33.44
9357,0,1818,34.78
9403,0,2353,36.34
9404,0,1220,37.9
9404,0,1503,39.58
9404,0,2359,41.42
9448,0,1329,43.43
9449,0,1638,45.71
9449,0,2399,48.25
9449,0,1590,50.98
9451,0,1655,53.87
9494,0,2550,57.01
9496,0,1421,60.28
9496,0,1557,63.62
9496,0,2047,66.94
9542,0,1218,70.19
9543,0,1322,73.35
9543,0,2559,76.48
9543,0,1743,79.6
9588,0,1410,82.63
9588,0,2403,85.72
9588,0,1683,88.75
9589,0,1159,91.64
9634,0,2288,94.4
9634,0,2122,97.12
9634,0,1840,99.95
9635,0,2767,102.68
9680,0,2037,105.16
9680,0,1210,107.8
9681,0,2183,110.37
9681,0,1885,112.84
9727,0,1150,115.2
9728,0,2215,117.5
9728,0,2333,119.68
9728,0,1461,121.77
9773,0,2012,123.79
9773,0,1840,125.76
9774,0,1181,127.65
9774,0,2268,129.44
9805,0,2295,131.14
9805,0,1472,132.78
9805,0,2288,134.36
9850,0,2272,135.87
9850,0,1229,137.31
9851,0,2065,138.69
9851,0,2389,139.99
9896,0,1355,141.24
9896,0,2254,142.34
9897,0,2361,143.49
9897,0,1328,144.56
9943,0,1861,145.53
9943,0,2261,146.42
9944,0,1250,147.21
9944,0,1863,147.89
9945,0,2319,148.52
9989,0,1379,149.23
9990,0,1711,149.76
9990,0,2379,150.05
9990,0,1559,150.18
10036,0,1762,150.19
10036,0,2423,150.2
10036,0,1578,150.17
10037,0,1670,149.96
10083,0,2445,149.51
10083,0,1651,148.71
10083,0,1629,147.56
10084,0,2322,146.19
10130,0,1599,144.57
10130,0,1463,142.6
10131,0,2398,140.28
10131,0,1712,137.76
10177,0,1370,135.06
10178,0,2244,132.19
10178,0,1739,129.25
10178,0,1351,126.1
10180,0,2220,122.86
10223,0,1834,119.71
10223,0,1375,116.53
10224,0,2177,113.37
10226,0,1922,110.3
10270,0,1296,107.28
10270,0,2065,104.57
10270,0,2005,101.74
10271,0,1350,98.91
10318,0,2030,96.06
10318,0,1959,93.32
10318,0,1299,90.67
10319,0,1987,88.03
10366,0,1978,85.47
10366,0,1351,83.06
10366,0,2011,80.66
10366,0,2166,78.36
10413,0,1307,76.09
10413,0,1913,73.88
10414,0,2240,71.75
10414,0,1247,69.71
10460,0,1712,67.72
10460,0,1988,65.76
10460,0,1198,63.96
10461,0,1745,62.2
10461,0,2024,60.49
10506,0,1216,58.78
10506,0,1691,57.12
10507,0,2333,55.5
10507,0,1220,54.0
10539,0,1505,52.51
10539,0,2339,51.1
10539,0,1707,49.73
10585,0,1840,48.38
10585,0,2139,47.02
10586,0,766,45.72
10586,0,1114,44.51
10632,0,2081,43.37
10632,0,1262,42.29
10633,0,1507,41.24
10633,0,2293,40.23
10678,0,1302,39.26
10679,0,1457,38.35
10679,0,2539,37.47
10679,0,1767,36.61
10725,0,1520,35.76
10725,0,2464,34.96
10725,0,1651,34.2
10726,0,1427,33.45
10772,0,2404,32.75
10772,0,1742,32.11
10772,0,1343,31.51
10773,0,2334,30.94
10818,0,1673,30.42
10818,0,1184,29.91
10818,0,2171,29.4
10819,0,1699,28.94
10820,0,1110,28.53
10865,0,2318,28.17
10866,0,2112,27.86
10866,0,1514,27.57
10867,0,2275,27.35
10912,0,2078,27.18
10912,0,1406,27.0
10912,0,2282,26.92
10912,0,2101,26.85
10959,0,1191,26.86
10959,0,1937,26.93
10960,0,2007,27.03
10960,0,1183,27.18
11006,0,1971,27.33
11006,0,2093,27.56
11007,0,1255,27.87
11007,0,1923,28.26
11052,0,2039,28.75
11053,0,1152,29.32
11053,0,1843,29.98
11053,0,2272,30.75
11056,0,1301,31.61
11098,0,1869,32.6
11098,0,2357,33.75
11099,0,1475,35.06
11101,0,1858,36.64
11145,0,2363,38.55
11145,0,1415,40.59
11145,0,1737,42.95
11146,0,2374,45.38
11191,0,1455,48.04
11191,0,1633,50.81
11191,0,2390,53.83
11192,0,1495,57.18
11237,0,1527,60.86
11237,0,2349,64.61
11238,0,1651,68.16
11238,0,1457,71.62
11284,0,2273,74.97
11284,0,1524,78.41
11284,0,1189,81.86
11285,0,2177,85.33
11332,0,1735,88.71
11332,0,1598,91.78
11332,0,2365,95.05
11333,0,1616,98.2
11365,0,1094,101.22
11365,0,2159,104.21
11366,0,1632,107.11
11411,0,1389,109.83
11411,0,2559,112.44
11412,0,1977,114.96
11412,0,1441,117.38
11457,0,2540,119.73
11457,0,2147,122.04
11458,0,1259,124.25
11458,0,2141,126.34
11460,0,2025,128.35
11505,0,1456,130.3
11505,0,2509,132.16
11506,0,2365,133.95
11506,0,1431,135.64
11551,0,2157,137.18
11551,0,1985,138.6
11551,0,1216,139.99
11552,0,2063,141.38
11597,0,2165,142.78
11597,0,1337,144.08
11597,0,2115,145.28
11598,0,2399,146.4
11644,0,1419,147.44
11644,0,1998,148.36
11645,0,2288,149.16
11645,0,1301,149.92
11691,0,1824,150.63
11691,0,2288,151.2
11691,0,1447,151.76
11692,0,1830,152.27
11738,0,2114,152.62
11738,0,1446,152.87
11738,0,1719,152.99
11739,0,2335,153.01
11740,0,1527,152.96
11785,0,1726,152.84
11785,0,2447,152.49
11785,0,1568,151.87
11786,0,1523,150.98
11831,0,2256,149.94
11832,0,1648,148.63
11832,0,1669,146.93
11832,0,2391,144.83
11879,0,1682,142.53
11879,0,1429,140.05
11879,0,2256,137.4
11880,0,1690,134.71
11925,0,1391,131.82
11926,0,2230,128.87
11926,0,1799,125.83
11926,0,1468,122.7
11971,0,2234,119.61
11971,0,1826,116.48
11972,0,1360,113.53
11972,0,2174,110.64
12018,0,1843,107.71
12018,0,1291,104.71
12019,0,1971,101.61
12019,0,1840,98.47
12065,0,1298,95.45
12065,0,2063,92.64
12066,0,1904,89.91
12066,0,1247,87.29
12066,0,1897,84.7
12110,0,1968,82.17
12111,0,1356,79.72
12111,0,2152,77.35
12111,0,2103,75.02
12157,0,1221,72.75
12158,0,1921,70.66
12158,0,2122,68.57
12158,0,1264,66.54
12203,0,1923,64.58
12203,0,2063,62.73
12204,0,1263,60.86
12204,0,1904,59.02
12251,0,2338,57.3
12251,0,1253,55.67
12251,0,1650,54.07
12252,0,2269,52.52
12298,0,1258,51.03
12298,0,1655,49.62
12299,0,2255,48.26
12299,0,1393,46.95
12345,0,1803,45.71
12345,0,2512,44.49
12345,0,1535,43.33
12346,0,1883,42.22
12346,0,2619,41.2
12391,0,1610,40.23
12391,0,1632,39.32
12392,0,2358,38.45
12392,0,1535,37.62
12438,0,1489,36.85
12438,0,2199,36.11
12439,0,1395,35.42
12439,0,1261,34.79
12484,0,2177,34.17
12484,0,1525,33.63
12485,0,1513,33.12
12485,0,2407,32.63
12532,0,1712,32.18
12533,0,1347,31.79
12533,0,2225,31.48
12533,0,1828,31.23
12578,0,1397,31.03
12578,0,2191,30.84
12578,0,1762,30.69
12579,0,1199,30.55
12624,0,1968,30.49
12624,0,1743,30.47
12624,0,1175,30.52
12625,0,2047,30.64
12626,0,1856,30.84
12671,0,1125,31.1
12671,0,1873,31.47
12672,0,1828,31.97
12672,0,1084,32.63
12717,0,1864,33.37
12718,0,1914,34.3
12718,0,1202,35.39
12718,0,1968,36.67
12765,0,2098,38.17
12765,0,1280,39.92
12766,0,1904,42.03
12766,0,2159,44.53
12812,0,1257,47.34
12812,0,1826,50.34
12812,0,2141,53.65
12813,0,1326,57.29
12860,0,1694,61.1
12860,0,2160,64.79
12860,0,1328,68.37
12860,0,1711,71.98
12905,0,2270,75.62
12906,0,1362,79.22
12906,0,1741,82.77
12906,0,2334,86.13
12907,0,1434,89.43
12952,0,1555,92.59
12952,0,2177,95.73
12952,0,1361,98.9
12953,0,1649,101.85
13000,0,2587,104.53
13001,0,1603,107.15
13001,0,1459,109.65
13001,0,2272,112.05
13047,0,1693,114.36
13048,0,1702,116.54
13048,0,2534,118.65
13048,0,1915,120.65
13093,0,1487,122.48
13093,0,2311,124.15
13094,0,1754,125.66
13094,0,1374,127.05
13140,0,2897,128.34
13140,0,2397,129.4
13141,0,1919,130.27
13141,0,2731,130.79
13143,0,2180,131.01
13187,0,1562,130.89
13188,0,2359,130.5
13188,0,2172,129.87
13188,0,1498,128.88
13234,0,2257,127.52
13235,0,2078,125.66
13235,0,1397,123.27
13235,0,2160,120.76
13281,0,2109,118.06
13283,0,1463,115.43
13283,0,2160,112.58
13284,0,2272,109.67
13327,0,1475,106.82
13327,0,2045,104.28
13328,0,2259,101.47
13329,0,1386,98.76
13373,0,1829,96.02
13373,0,2128,93.28
13374,0,1328,90.54
13374,0,1762,87.99
13420,0,2202,85.46
13420,0,1478,82.92
13420,0,1758,80.45
13421,0,2283,78.03
13466,0,1363,75.72
13466,0,1697,73.45
13466,0,2319,71.28
13467,0,1360,69.16
13468,0,1600,67.07
13511,0,2239,65.16
13511,0,1328,63.35
13512,0,1651,61.65
13512,0,3167,59.89
13559,0,1564,58.12
13559,0,784,56.34
13559,0,2185,54.53
13560,0,1182,52.66
13605,0,1223,50.94
13605,0,2471,49.31
13605,0,1322,47.8
13606,0,999,46.38
13652,0,2106,45.03
13652,0,1470,43.74
13652,0,1500,42.5
13653,0,2726,41.28
13697,0,1948,40.13
13699,0,1476,39.04
13699,0,2453,37.97
13699,0,1653,36.89
13745,0,1048,35.9
13745,0,2278,35.06
13746,0,1227,34.06
13746,0,790,33.17
13749,0,2117,32.33
13792,0,1529,31.51
13793,0,1037,30.73
13793,6,2320,29.98
13793,0,1967,29.26
13838,0,1088,28.57
13838,0,2255,27.91
13838,0,2201,27.27
13839,0,1089,26.65
13884,0,1945,26.06
13884,0,1863,25.49
13884,0,971,24.94
13885,0,1939,24.42
13932,0,2075,23.92
13932,0,1127,23.43
13932,0,2075,22.96
13932,0,2337,22.51
13978,0,1170,22.09
13978,0,1987,21.68
13979,0,2321,21.28
13979,0,1209,20.9
14026,0,1783,20.54
14026,0,2202,20.18
14026,0,1109,19.85
14027,0,1752,19.52
14071,0,2278,19.21
14071,0,1187,18.91
14072,0,1745,18.63
14072,0,2400,18.35
14074,0,1328,18.09
14118,0,1751,17.84
14118,0,2417,17.59
14118,0,1436,17.35
14118,0,1616,17.13
14165,0,2384,16.92
14165,0,1398,16.72
14166,0,1615,16.52
14166,0,2437,16.33
14211,0,1408,16.14
14211,0,1517,15.96
14211,0,2474,15.79
14212,0,1611,15.63
14258,0,1488,15.47
14258,0,2448,15.32
14259,0,1659,15.17
14259,0,1431,15.03
14304,0,2389,14.9
14304,0,1677,14.77
14304,0,1379,14.64
14306,0,2410,14.52
14351,0,1724,14.4
14351,0,1294,14.29
14353,0,2359,14.19
14353,0,1840,14.08
14354,0,1267,13.98
14398,0,2325,13.89
14399,0,1847,13.8
14399,0,1293,13.72
14399,0,2288,13.63
14445,0,1908,13.54
14445,0,1229,13.46
14445,0,2479,13.39
14446,0,1980,13.31
14492,0,1161,13.24
14492,0,2167,13.17
14492,0,2123,13.11
14492,0,1155,13.05
14538,0,2074,13.0
14538,0,2121,12.94
14539,0,1227,12.88
14539,0,2083,12.83
14584,0,2159,12.79
14584,0,1201,12.74
14584,0,2000,12.69
14586,0,2285,12.65
14631,0,1181,12.6
14631,0,1936,12.56
14631,0,2294,12.52
14632,0,1357,12.48
14665,0,1882,12.44
14666,0,2352,12.41
14666,0,1354,12.37
14668,0,1837,12.33
14707,0,2398,12.3
14708,0,1349,12.27
14708,0,1743,12.24
14755,0,2401,12.21
14755,0,1418,12.19
14755,0,1719,12.16
14755,0,2432,12.14
14789,0,1455,12.11
14789,0,1600,12.09
14789,0,2450,12.07
14831,0,1505,12.04
14831,0,1493,12.02
14833,0,2439,12.0
14833,0,1601,11.98
14879,0,1443,11.97
14879,0,2411,11.94
14881,0,1630,11.92
14881,0,1395,11.9
14881,0,2433,11.88
14926,0,1651,11.87
14927,0,1350,11.86
14927,0,2418,11.84
14927,0,1771,11.83
14973,0,1275,11.82
14973,0,2336,11.8
14973,0,1857,11.79
14974,0,1268,11.77
15020,0,2281,11.75
15020,0,1858,11.74
15021,0,1271,11.73
15021,0,2314,11.72
15057,0,1950,11.71
15058,0,1217,11.71
15058,0,2211,11.69
15099,0,2001,11.69
15099,0,1189,11.68
15100,0,2146,11.67
15100,0,2068,11.66
15134,0,1152,11.65
15134,0,2079,11.65
15134,0,2112,11.64
15169,0,1181,11.63
15169,0,1991,11.62
15169,0,2175,11.61
15208,0,1148,11.6
15208,0,1925,11.59
15208,0,2226,11.59
15209,0,1235,11.58
15256,0,1841,11.57
15256,0,2256,11.56
15256,0,1295,11.56
15257,0,1822,11.55
15303,0,2287,11.54
15303,0,1296,11.53
15303,0,1813,11.53
15304,0,2416,11.51
15348,0,1353,11.51
15348,0,1754,11.5
15350,0,2407,11.5
15350,0,1477,11.49
15394,0,1628,11.49
15394,0,2383,11.49
15396,0,1431,11.49
15396,0,1614,11.49
15397,0,2442,11.48
15432,0,1526,11.47
15432,0,1563,11.47
15433,0,2482,11.46
15465,0,1598,11.46
15467,0,1513,11.45
15467,0,2441,11.45
15503,0,1615,11.45
15503,0,1430,11.45
15503,0,2383,11.44
15547,0,1674,11.45
15549,0,1335,11.44
15550,0,2371,11.43
15550,0,1811,11.43
15598,0,1309,11.43
15598,0,2336,11.42
15598,0,1840,11.42
15599,0,1310,11.42
15599,0,2320,11.42
15642,0,1872,11.42
15643,0,1238,11.42
15643,0,2250,11.42
15643,0,1968,11.41
15682,0,1179,11.4
15682,0,2187,11.4
15682,0,2021,11.4
15720,0,1185,11.4
15721,0,2177,11.39
15721,0,2112,11.4
15722,0,1290,11.39
15768,0,2142,11.39
15768,0,2207,11.39
15768,0,1339,11.38
15769,0,2129,11.38
15813,0,2256,11.38
15814,0,1281,11.38
15814,0,2018,11.37
15814,0,2349,11.37
15977,0,1222,11.37
15979,0,1917,11.38
15980,0,2240,11.38
15981,0,1229,11.37
15981,0,1757,11.37
15983,0,2286,11.36
15983,0,1280,11.36
15984,0,1770,11.36
15985,0,2321,11.35
15985,0,1333,11.35
15986,0,1728,11.35
15987,0,2417,11.35
15987,0,1457,11.35
15988,0,1775,11.35
15988,0,2503,11.35
16064,0,1486,11.35
16065,0,1651,11.35
16067,0,2426,11.35
16067,0,1463,11.35
16067,0,1525,11.35
16069,0,2403,11.35
16069,0,1567,11.35
16070,0,1379,11.35
16132,0,2363,11.35
16134,0,1584,11.35
16136,0,1360,11.35
16138,0,2363,11.35
16139,0,1666,11.35
16139,0,1315,11.35
16221,0,2302,11.36
16222,0,1662,11.36
16223,0,1278,11.36
16223,0,2289,11.36
16224,0,1792,11.36
16224,0,1246,11.37
16225,0,2235,11.37
16226,0,1799,11.38
16300,0,1195,11.38
16303,0,2179,11.37
16304,0,1856,11.36
16305,0,1129,11.36
16306,0,2091,11.35
16307,0,1889,11.34
16308,0,1087,11.34
16391,0,2060,11.34
16391,0,1941,11.34
16392,0,1092,11.34
16393,0,1992,11.33
16394,0,2081,11.33
16395,0,1195,11.33
16397,0,1996,11.33
16398,0,2118,11.33
16467,0,1118,11.33
16467,0,1875,11.32
16468,0,2135,11.32
16468,0,1109,11.32
16468,0,1601,11.32
16469,0,1930,11.31
16534,0,971,11.31
16535,0,1627,11.32
16535,0,2083,11.32
16537,0,909,11.32
16538,0,1472,11.33
16538,0,2235,11.33
16591,0,1247,11.33
16591,0,1649,11.33
16591,0,2378,11.32
16592,0,1462,11.32
16592,0,1521,11.32
16637,0,2245,11.31
16637,0,1327,11.31
16637,0,1508,11.3
16638,0,2442,11.3
16684,0,1568,11.3
16684,0,1584,11.29
16684,0,2443,11.29
16685,0,1651,11.28
16731,0,1483,11.28
16732,0,2493,11.28
16732,0,1743,11.27
16733,0,1564,11.27
16733,0,2630,11.27
16795,0,1925,11.26
16795,0,1584,11.26
16795,0,2657,11.26
16797,0,2014,11.26
16797,0,1568,11.25
16799,0,2539,11.25
16857,0,2099,11.26
16858,0,1589,11.26
16858,0,2630,11.25
16858,0,2293,11.25
16859,0,1619,11.25
16919,0,2544,11.25
16919,0,2255,11.25
16920,0,1515,11.24
16920,0,2461,11.24
16921,0,2273,11.24
16922,0,1421,11.24
16982,0,2371,11.25
16983,0,2304,11.25
16983,0,1357,11.24
16983,0,2242,11.24
16984,0,2295,11.24
17043,0,1316,11.24
17044,0,2116,11.23
17044,0,2271,11.24
17045,0,1284,11.24
17046,0,2009,11.23
17046,0,2341,11.23
17090,0,1371,11.24
17091,0,2064,11.24
17092,0,2559,11.24
17092,0,1559,11.23
17152,0,2155,11.23
17152,0,2622,11.23
17153,0,1527,11.23
17153,0,1923,11.23
17153,0,2622,11.23
17198,0,1535,11.23
17198,0,2009,11.24
17198,0,2699,11.24
17199,0,1617,11.24
17246,0,1735,11.24
17247,0,2487,11.24
17247,0,1449,11.24
17248,0,1535,11.24
17248,0,2358,11.24
17308,0,1360,11.24
17309,0,1323,11.24
17309,0,2225,11.23
17309,0,1383,11.23
17310,0,1271,11.23
17371,0,2163,11.23
17371,0,1385,11.23
17371,0,1145,11.23
17372,0,2203,11.23
17372,0,1521,11.23
17373,0,1131,11.23
17434,0,2159,11.23
17434,0,1535,11.23
17435,0,1099,11.23
17435,0,2182,11.23
17435,0,1725,11.23
17480,0,1118,11.22
17481,0,2130,11.22
17481,0,1737,11.22
17482,0,1038,11.22
17482,0,2042,11.22
17527,0,1765,11.22
17527,0,1023,11.23
17528,0,1996,11.23
17528,0,1892,11.23
17573,0,1054,11.23
17574,0,2021,11.23
17574,0,1971,11.23
17574,0,1094,11.23
17620,0,1920,11.23
17621,0,2033,11.23
17621,0,1061,11.23
17621,0,1922,11.23
17667,0,2071,11.23
17667,0,1042,11.23
17669,0,1799,11.23
17669,0,2170,11.23
17715,0,1157,11.23
17715,0,1853,11.23
17716,0,2267,11.22
17716,0,1270,11.22
17763,0,1817,11.22
17763,0,2354,11.22
17763,0,1357,11.21
17764,0,1840,11.21
17764,0,2471,11.22
17808,0,1434,11.22
17808,0,1761,11.23
17809,0,2473,11.23
17809,0,1457,11.23
17869,0,1631,11.23
17870,0,2411,11.23
17870,0,1454,11.22
17870,0,1570,11.22
17871,0,2384,11.22
17930,0,1491,11.22
17930,0,1480,11.21
17931,0,2386,11.21
17931,0,1552,11.21
17932,0,1428,11.22
17932,0,2385,11.22
17992,0,1535,11.21
17992,0,1275,11.21
17993,14,2286,11.21
17993,0,1579,11.21
17994,0,1215,11.21
18054,0,2190,11.21
18055,0,1573,11.21
18055,0,1123,11.21
18056,0,2183,11.21
18056,0,1719,11.21
18057,0,1152,11.2
18116,0,2176,11.21
18116,0,1745,11.21
18116,0,1118,11.2
18117,0,2160,11.2
18117,0,1920,11.2
18163,0,1154,11.2
18164,0,2127,11.2
18164,0,1958,11.2
18164,0,1186,11.19
